id,first_name,last_name,email,gender,ip_address
1,Valma,Sacks,vsacks0@hud.gov,Female,25.193.144.7
2,Willamina,Testro,wtestro1@bloomberg.com,Female,115.226.238.133
3,Clemens,Pirnie,cpirnie2@forbes.com,Male,237.101.37.208
4,Allen,Ofield,aofield3@paginegialle.it,Male,192.69.110.96
5,Bran,O'Scandall,boscandall4@ameblo.jp,Male,28.68.62.198
6,Jo-ann,Fossitt,jfossitt5@example.com,Female,217.153.184.244
7,Gaylor,Ben,gben6@fotki.com,Genderfluid,44.173.80.220
8,Brand,Fenkel,bfenkel7@techcrunch.com,Male,6.124.88.122
9,Michaelina,Matejovsky,mmatejovsky8@bbc.co.uk,Female,151.210.160.232
10,Darnall,Dubs,ddubs9@booking.com,Polygender,5.103.88.181
11,Falkner,Lendon,flendona@gov.uk,Male,153.98.70.43
12,Stillman,Coushe,scousheb@state.gov,Male,74.25.74.51
13,Kenon,Aguirre,kaguirrec@bloglines.com,Male,42.155.110.72
14,Stanford,Bachnic,sbachnicd@wunderground.com,Male,30.51.189.93
15,Maxy,Cage,mcagee@google.ca,Male,35.191.10.206
16,Harwell,Shemmans,hshemmansf@prnewswire.com,Male,239.128.214.150
17,Mata,Banat,mbanatg@cbsnews.com,Male,218.213.5.247
18,Haslett,Pierucci,hpieruccih@shop-pro.jp,Male,87.159.199.112
19,Karil,Peer,kpeeri@thetimes.co.uk,Female,225.166.113.129
20,Martha,Gemlbett,mgemlbettj@uiuc.edu,Female,105.114.34.245
21,Gualterio,Gilyott,ggilyottk@csmonitor.com,Male,5.51.128.86
22,Kathie,Sreenan,ksreenanl@yellowpages.com,Female,48.200.249.213
23,Leelah,Grichukhin,lgrichukhinm@eventbrite.com,Female,132.45.247.66
24,Piggy,Girsch,pgirschn@com.com,Polygender,235.139.212.98
25,Fredelia,McConaghy,fmcconaghyo@storify.com,Female,40.116.212.126
26,Rafaellle,O'Leary,rolearyp@hp.com,Male,154.181.137.19
27,Roda,Minero,rmineroq@unesco.org,Female,254.186.103.133
28,Kizzie,Furmonger,kfurmongerr@state.gov,Female,134.125.166.188
29,Broderick,Burdin,bburdins@dailymail.co.uk,Male,195.50.9.146
30,Nolie,Aysik,naysikt@sohu.com,Female,18.100.202.1
31,Corella,McGiveen,cmcgiveenu@nyu.edu,Female,201.137.217.132
32,Emile,Von Welldun,evonwelldunv@aboutads.info,Male,150.66.207.88
33,Walsh,Cawdron,wcawdronw@goo.gl,Male,159.165.160.125
34,Sherilyn,Yarr,syarrx@meetup.com,Female,14.94.202.112
35,Wilona,Powderham,wpowderhamy@google.com.au,Non-binary,14.196.150.75
36,Anjela,Derwin,aderwinz@scribd.com,Female,249.131.184.126
37,Bo,Josephson,bjosephson10@foxnews.com,Male,170.242.90.121
38,Sandy,Askem,saskem11@bloomberg.com,Female,96.162.249.83
39,Jordan,Sandy,jsandy12@wisc.edu,Male,135.235.116.113
40,Maxie,Muxworthy,mmuxworthy13@mail.ru,Female,108.12.3.211
41,Kerby,Stoyle,kstoyle14@google.de,Male,50.215.92.147
42,Fredi,Cuppleditch,fcuppleditch15@nbcnews.com,Female,251.236.56.137
43,Antonie,O'Nolan,aonolan16@mediafire.com,Female,34.170.217.119
44,Simeon,Huck,shuck17@uol.com.br,Male,136.191.134.69
45,Selie,Lenden,slenden18@ask.com,Female,167.122.11.211
46,Faith,Camerana,fcamerana19@wikipedia.org,Female,80.47.94.152
47,Shirlene,Fowgies,sfowgies1a@qq.com,Female,87.58.42.10
48,Sheri,Salzberg,ssalzberg1b@foxnews.com,Female,119.195.255.136
49,Ruthanne,Loukes,rloukes1c@techcrunch.com,Female,11.53.145.159
50,Neale,Skirvane,nskirvane1d@tamu.edu,Male,28.72.212.151
51,Joeann,Mortel,jmortel1e@china.com.cn,Polygender,147.146.113.104
52,Gerek,Brevitt,gbrevitt1f@globo.com,Male,152.58.130.171
53,Anissa,Culmer,aculmer1g@flickr.com,Female,213.153.124.106
54,Elwood,Haggas,ehaggas1h@edublogs.org,Male,110.231.45.28
55,Maureene,Glide,mglide1i@lycos.com,Female,128.49.66.229
56,Ruggiero,Farrah,rfarrah1j@t.co,Male,178.239.15.181
57,Vassily,Cockerill,vcockerill1k@twitter.com,Male,129.227.99.0
58,Dolorita,Stowgill,dstowgill1l@oaic.gov.au,Female,65.51.234.189
59,Daisey,Macvain,dmacvain1m@forbes.com,Female,59.106.182.140
60,Elene,Shailer,eshailer1n@timesonline.co.uk,Female,152.198.114.98
61,Leigh,Burness,lburness1o@cpanel.net,Male,58.148.227.236
62,Onofredo,Schimank,oschimank1p@nationalgeographic.com,Male,242.170.8.239
63,Vic,Hiley,vhiley1q@a8.net,Male,173.88.221.224
64,Elroy,Rizzolo,erizzolo1r@weibo.com,Genderqueer,180.238.113.174
65,Thacher,Bartolomieu,tbartolomieu1s@bloglines.com,Male,21.243.209.51
66,Filide,Odegaard,fodegaard1t@goo.ne.jp,Female,153.111.233.130
67,Vanessa,Growy,vgrowy1u@sourceforge.net,Female,220.155.169.26
68,Norina,Glede,nglede1v@pen.io,Female,145.102.20.15
69,Penelopa,Radbone,pradbone1w@disqus.com,Female,44.97.4.253
70,Tanner,Ibel,tibel1x@cyberchimps.com,Male,69.249.171.58
71,Raimundo,Jeandet,rjeandet1y@wiley.com,Male,11.224.127.82
72,Nickolaus,holmes,nholmes1z@stanford.edu,Male,110.33.207.201
73,Ganny,Poluzzi,gpoluzzi20@furl.net,Bigender,69.18.77.249
74,Harmon,Ramsbottom,hramsbottom21@psu.edu,Male,9.58.63.113
75,Reina,Flavelle,rflavelle22@jugem.jp,Female,104.138.226.218
76,Roddy,Riedel,rriedel23@hatena.ne.jp,Bigender,40.251.4.230
77,Mic,Killcross,mkillcross24@t.co,Male,126.31.45.11
78,Vaughan,Fergusson,vfergusson25@microsoft.com,Male,60.96.103.141
79,Ruth,Lugsdin,rlugsdin26@qq.com,Female,114.55.172.214
80,Adriano,Ollarenshaw,aollarenshaw27@senate.gov,Male,64.194.113.20
81,Bryanty,O'Hannen,bohannen28@hostgator.com,Male,17.46.100.213
82,Wyatt,Plowright,wplowright29@scribd.com,Male,67.224.139.184
83,Lorrin,Girkins,lgirkins2a@pagesperso-orange.fr,Female,33.126.232.97
84,Dulciana,Will,dwill2b@ted.com,Female,215.70.139.104
85,Abbey,Jerrand,ajerrand2c@chron.com,Female,57.208.179.60
86,Lida,Clem,lclem2d@vk.com,Female,11.56.227.56
87,Ann-marie,MacIlwrick,amacilwrick2e@nba.com,Agender,235.130.219.36
88,Jessica,Mallinar,jmallinar2f@spiegel.de,Female,206.46.115.128
89,Vyky,Strathern,vstrathern2g@telegraph.co.uk,Female,138.204.252.247
90,Xerxes,Chitty,xchitty2h@gov.uk,Genderfluid,87.128.234.4
91,Nady,Gilfoyle,ngilfoyle2i@taobao.com,Female,126.88.149.136
92,Carroll,McKniely,cmckniely2j@nyu.edu,Female,243.210.136.219
93,Sollie,Eayres,seayres2k@independent.co.uk,Male,107.21.74.196
94,Olenolin,Danielot,odanielot2l@amazonaws.com,Male,75.255.193.153
95,Sibley,Sayburn,ssayburn2m@furl.net,Female,13.113.189.104
96,Wrennie,Illidge,willidge2n@moonfruit.com,Female,121.89.187.89
97,Igor,Lidgey,ilidgey2o@aol.com,Male,103.184.201.149
98,Del,Longhi,dlonghi2p@freewebs.com,Female,48.220.247.254
99,Niko,Milleton,nmilleton2q@indiatimes.com,Male,214.204.174.34
100,Vanessa,Moff,vmoff2r@360.cn,Polygender,103.211.182.156
101,Victoria,Rucklesse,vrucklesse2s@google.com.br,Non-binary,26.251.7.212
102,Oren,Falkous,ofalkous2t@usatoday.com,Male,217.214.215.70
103,Corine,Cowtherd,ccowtherd2u@forbes.com,Female,13.248.14.83
104,Keane,Joice,kjoice2v@narod.ru,Male,58.16.28.105
105,Licha,Tolcharde,ltolcharde2w@weebly.com,Female,10.74.92.215
106,Garik,Lys,glys2x@home.pl,Male,179.119.106.192
107,Gaylor,Stallwood,gstallwood2y@storify.com,Male,184.5.49.206
108,Keelia,Itter,kitter2z@sciencedirect.com,Female,111.154.73.62
109,Prudi,O' Sullivan,posullivan30@over-blog.com,Female,158.239.67.158
110,Quill,Mapother,qmapother31@blog.com,Male,131.192.51.139
111,Bertie,Knott,bknott32@nsw.gov.au,Female,189.47.161.108
112,Alanna,Spiers,aspiers33@nsw.gov.au,Female,86.194.64.72
113,Debera,Hollebon,dhollebon34@multiply.com,Female,83.50.160.185
114,Gregory,Altham,galtham35@google.fr,Male,240.203.16.121
115,Star,Cheyney,scheyney36@bloglines.com,Female,52.50.243.6
116,Nadia,Wherrit,nwherrit37@ca.gov,Female,75.218.37.106
117,Brynn,Balshen,bbalshen38@redcross.org,Female,117.40.35.230
118,Stevena,Edward,sedward39@jigsy.com,Female,212.4.129.89
119,Rosina,Asbrey,rasbrey3a@qq.com,Female,168.174.174.248
120,Jackie,Mundall,jmundall3b@buzzfeed.com,Male,28.83.223.226
121,Lynea,Crace,lcrace3c@icio.us,Female,179.32.157.180
122,Budd,Holme,bholme3d@yahoo.com,Male,56.139.50.203
123,Ilyssa,Siddle,isiddle3e@patch.com,Female,21.238.169.108
124,Vladamir,Blamires,vblamires3f@nih.gov,Male,186.29.127.199
125,Timothea,Laffan,tlaffan3g@icq.com,Female,122.159.116.210
126,Wilhelmina,Skellon,wskellon3h@businessinsider.com,Female,172.134.44.83
127,Mabelle,Norwood,mnorwood3i@guardian.co.uk,Female,186.185.114.206
128,Almire,Sherry,asherry3j@independent.co.uk,Female,15.131.162.133
129,Sonnnie,Benzi,sbenzi3k@altervista.org,Female,123.83.53.129
130,Griffie,Balham,gbalham3l@ameblo.jp,Male,219.87.36.19
131,Elsworth,Ranscomb,eranscomb3m@hibu.com,Male,51.82.62.189
132,Lisha,Twidle,ltwidle3n@cnbc.com,Female,111.161.77.169
133,Micah,Castaner,mcastaner3o@mapquest.com,Male,33.212.35.241
134,Bartram,McCaughey,bmccaughey3p@ycombinator.com,Male,167.35.141.137
135,Trista,Duigenan,tduigenan3q@google.com.au,Female,43.233.132.188
136,Charleen,Gerant,cgerant3r@netscape.com,Female,236.200.226.89
137,Uri,Sworne,usworne3s@springer.com,Male,209.45.99.89
138,Bobinette,Yukhov,byukhov3t@irs.gov,Female,157.90.24.139
139,Lisbeth,McAuliffe,lmcauliffe3u@tiny.cc,Female,115.32.234.141
140,Iggy,Martyn,imartyn3v@desdev.cn,Male,65.69.114.218
141,Camala,Harrie,charrie3w@jiathis.com,Female,243.124.176.48
142,Malinda,Pervew,mpervew3x@princeton.edu,Female,118.70.133.29
143,Mahmud,Boc,mboc3y@t.co,Non-binary,35.228.162.116
144,Shaw,Crookston,scrookston3z@com.com,Male,183.171.202.130
145,Herold,Aysik,haysik40@ovh.net,Male,8.174.53.39
146,Moritz,Didball,mdidball41@friendfeed.com,Male,34.15.223.202
147,Tallie,Bortolomei,tbortolomei42@rediff.com,Female,179.165.75.148
148,Lolly,Gunter,lgunter43@linkedin.com,Female,248.118.98.90
149,Oby,Hearnes,ohearnes44@prnewswire.com,Male,128.112.30.250
150,Myrtle,Dudson,mdudson45@elegantthemes.com,Female,45.10.168.158
151,Angelle,Viegas,aviegas46@xinhuanet.com,Female,226.211.18.202
152,Travis,Sutherns,tsutherns47@desdev.cn,Male,242.37.189.26
153,Claire,Epple,cepple48@amazon.co.jp,Male,84.57.104.90
154,Haven,Jerromes,hjerromes49@edublogs.org,Male,223.152.217.232
155,Thia,Maguire,tmaguire4a@ted.com,Female,81.118.100.134
156,Frasco,Mennear,fmennear4b@g.co,Male,61.210.135.0
157,Alanna,Azema,aazema4c@hugedomains.com,Female,128.234.89.141
158,Hazel,Magnar,hmagnar4d@examiner.com,Genderfluid,43.31.156.50
159,Raul,Ouver,rouver4e@toplist.cz,Male,129.204.93.50
160,Berny,Hynes,bhynes4f@guardian.co.uk,Female,107.85.75.119
161,Kevon,Crang,kcrang4g@homestead.com,Polygender,29.41.247.3
162,Morty,Keelin,mkeelin4h@github.com,Male,127.229.198.27
163,Willard,Brokenshaw,wbrokenshaw4i@godaddy.com,Male,92.199.4.160
164,Holli,Gasnoll,hgasnoll4j@scribd.com,Female,96.140.251.152
165,Jany,Crown,jcrown4k@cafepress.com,Non-binary,159.104.129.146
166,Geoff,Ziemsen,gziemsen4l@unblog.fr,Genderfluid,65.17.142.163
167,Tarrah,Wimbridge,twimbridge4m@un.org,Female,30.88.220.250
168,Cornelius,Lumb,clumb4n@symantec.com,Male,217.67.209.81
169,Robbert,Dupree,rdupree4o@mediafire.com,Male,125.6.121.41
170,Emmalynn,Dautry,edautry4p@imdb.com,Female,201.5.42.218
171,Tish,Western,twestern4q@instagram.com,Female,206.123.103.235
172,Evelyn,Brewster,ebrewster4r@booking.com,Female,230.221.33.172
173,Quill,Fearenside,qfearenside4s@wiley.com,Male,194.170.22.126
174,Hugibert,Quinane,hquinane4t@narod.ru,Male,89.164.35.106
175,Allayne,Keddy,akeddy4u@surveymonkey.com,Male,5.231.206.115
176,Selene,McGaugan,smcgaugan4v@linkedin.com,Bigender,197.2.106.151
177,Bellanca,Abbison,babbison4w@youku.com,Female,118.161.191.230
178,Albert,Ghelardoni,aghelardoni4x@yelp.com,Male,163.124.173.253
179,Abby,Clue,aclue4y@hhs.gov,Male,59.175.83.154
180,Early,Jedraszczyk,ejedraszczyk4z@elegantthemes.com,Male,225.20.103.195
181,Vale,Sambeck,vsambeck50@epa.gov,Male,208.74.165.160
182,Hank,McCoy,hmccoy51@icio.us,Male,34.189.47.207
183,Wilton,Beran,wberan52@nature.com,Male,41.113.180.106
184,Torre,Tregiddo,ttregiddo53@google.co.uk,Genderqueer,211.181.26.162
185,Jocelin,Tunbridge,jtunbridge54@woothemes.com,Female,144.148.211.135
186,Arron,Bonwick,abonwick55@youtu.be,Male,55.154.137.170
187,Cristionna,Spindler,cspindler56@mtv.com,Female,202.174.233.133
188,Kit,Patriche,kpatriche57@webmd.com,Male,134.68.199.77
189,Adrianne,Loyd,aloyd58@vk.com,Female,149.141.220.3
190,Sarina,Mattack,smattack59@ameblo.jp,Female,20.0.210.165
191,Elvira,Vipan,evipan5a@feedburner.com,Female,168.70.46.172
192,Oates,Castlake,ocastlake5b@businessinsider.com,Male,176.160.175.136
193,Buddie,Gershom,bgershom5c@huffingtonpost.com,Male,146.146.54.60
194,Howie,Itzik,hitzik5d@baidu.com,Male,133.94.86.152
195,Levi,McIntosh,lmcintosh5e@unesco.org,Genderfluid,57.202.234.249
196,Corabelle,Castellone,ccastellone5f@army.mil,Female,177.224.239.55
197,Skippie,Puller,spuller5g@lulu.com,Male,150.175.167.170
198,Victoria,Jickells,vjickells5h@independent.co.uk,Female,9.25.148.31
199,Allyson,Jaggar,ajaggar5i@gov.uk,Female,159.185.57.74
200,Gibbie,Domico,gdomico5j@ebay.com,Male,176.173.127.70
201,Cele,Woolmore,cwoolmore5k@oakley.com,Female,170.58.19.32
202,Prudy,Meijer,pmeijer5l@va.gov,Female,5.231.91.157
203,Sidoney,Brook,sbrook5m@tmall.com,Genderfluid,71.90.99.177
204,Ogdon,Turland,oturland5n@nature.com,Male,244.250.240.58
205,Etan,Smidmor,esmidmor5o@narod.ru,Male,156.39.239.3
206,Jerrome,Das,jdas5p@imageshack.us,Male,217.237.140.122
207,Katie,Sandwith,ksandwith5q@thetimes.co.uk,Female,139.200.244.255
208,Deloria,Ladbrook,dladbrook5r@whitehouse.gov,Bigender,231.81.86.166
209,Elissa,Peegrem,epeegrem5s@paginegialle.it,Female,0.142.231.198
210,Emilia,Dregan,edregan5t@ow.ly,Female,36.164.171.41
211,Ranice,Grunbaum,rgrunbaum5u@mit.edu,Female,53.171.157.106
212,Helena,Stigger,hstigger5v@ftc.gov,Female,4.157.111.59
213,Corry,Athelstan,cathelstan5w@prlog.org,Female,183.88.192.117
214,Malissia,Alyukin,malyukin5x@archive.org,Female,36.250.172.42
215,Cale,Gabrieli,cgabrieli5y@cam.ac.uk,Non-binary,115.176.195.87
216,Sonni,Strivens,sstrivens5z@about.me,Female,77.83.244.83
217,Dougy,Pickford,dpickford60@list-manage.com,Male,226.62.232.158
218,Fabiano,Rigbye,frigbye61@hostgator.com,Male,103.135.252.166
219,Kameko,Dannell,kdannell62@dell.com,Female,22.228.254.38
220,Bellina,Olek,bolek63@state.gov,Female,68.111.0.85
221,Raff,Shoebrook,rshoebrook64@prweb.com,Male,165.127.111.14
222,Frannie,Canas,fcanas65@hatena.ne.jp,Female,145.121.198.183
223,Madlen,Merington,mmerington66@typepad.com,Female,229.60.108.53
224,Jeno,Ferne,jferne67@mozilla.org,Male,225.134.36.234
225,Erasmus,Mitchely,emitchely68@sciencedaily.com,Male,16.215.114.97
226,Justinian,Williamson,jwilliamson69@apple.com,Male,156.52.176.214
227,Raynor,Garland,rgarland6a@nymag.com,Male,28.122.12.116
228,Lexie,Ditch,lditch6b@booking.com,Female,60.19.19.173
229,Bertina,Jansa,bjansa6c@vistaprint.com,Female,148.155.18.148
230,Upton,Twatt,utwatt6d@histats.com,Male,18.247.15.163
231,Wilmette,Dundredge,wdundredge6e@nydailynews.com,Female,71.56.250.193
232,Seumas,O'Hanlon,sohanlon6f@mapquest.com,Polygender,177.38.129.179
233,Margaretha,Carek,mcarek6g@about.com,Female,149.219.78.2
234,Zaneta,Redmire,zredmire6h@wp.com,Female,65.120.57.44
235,Iver,Godlonton,igodlonton6i@booking.com,Male,204.101.234.36
236,Ezra,Ruane,eruane6j@angelfire.com,Male,253.89.158.237
237,Donnie,Loren,dloren6k@freewebs.com,Male,126.128.153.148
238,Sollie,Cafferky,scafferky6l@indiatimes.com,Male,88.108.167.78
239,Nannie,Tow,ntow6m@github.com,Female,85.60.121.169
240,Mort,Rowesby,mrowesby6n@usda.gov,Male,57.191.197.225
241,Gena,Malthouse,gmalthouse6o@taobao.com,Female,208.127.28.179
242,Hewet,Woolfoot,hwoolfoot6p@ifeng.com,Male,229.140.21.24
243,Rosabel,Emanuelov,remanuelov6q@army.mil,Female,235.27.160.152
244,Brenden,Bleackley,bbleackley6r@cdbaby.com,Male,12.32.158.192
245,Courtnay,Bilovus,cbilovus6s@howstuffworks.com,Female,1.187.101.186
246,Tabbi,Lavall,tlavall6t@opensource.org,Female,5.230.167.71
247,Jenelle,Paye,jpaye6u@prnewswire.com,Female,32.132.95.24
248,Leeanne,Caudray,lcaudray6v@usda.gov,Female,31.78.33.197
249,Jammal,McCarlich,jmccarlich6w@columbia.edu,Male,194.232.145.137
250,Emmie,Ovesen,eovesen6x@hexun.com,Agender,180.4.120.68
251,Tabbie,Donnell,tdonnell6y@tuttocitta.it,Male,43.27.125.67
252,Genia,Stansby,gstansby6z@oracle.com,Female,168.157.160.34
253,Christoper,Fawthrop,cfawthrop70@examiner.com,Male,173.211.162.102
254,Ludovico,Baldetti,lbaldetti71@si.edu,Male,198.230.228.208
255,Launce,Fransewich,lfransewich72@princeton.edu,Male,220.179.67.52
256,Obed,Bangs,obangs73@fda.gov,Male,35.89.9.46
257,Tarrah,Blight,tblight74@psu.edu,Female,66.215.47.48
258,Alyson,Gadsby,agadsby75@yellowpages.com,Female,255.28.190.225
259,Niall,Fendlen,nfendlen76@ycombinator.com,Male,142.150.254.171
260,Abagail,Mewburn,amewburn77@berkeley.edu,Female,120.139.80.0
261,Ase,Perrone,aperrone78@histats.com,Male,68.25.156.121
262,Anneliese,Dendon,adendon79@shutterfly.com,Female,5.146.133.221
263,Rhiamon,Canner,rcanner7a@webmd.com,Female,122.203.100.190
264,Lenna,Moreinu,lmoreinu7b@amazonaws.com,Female,218.19.229.255
265,Christos,Jollye,cjollye7c@salon.com,Male,152.182.98.67
266,Daphna,Talbot,dtalbot7d@sitemeter.com,Female,117.11.123.103
267,Shea,Thexton,sthexton7e@reverbnation.com,Female,84.174.175.38
268,Syd,Trevethan,strevethan7f@tripadvisor.com,Male,207.201.27.172
269,Concettina,Slyford,cslyford7g@narod.ru,Female,229.234.232.163
270,Dorisa,Vinecombe,dvinecombe7h@vk.com,Female,162.254.137.222
271,Mandy,Keavy,mkeavy7i@eventbrite.com,Female,24.139.200.244
272,Philippine,Gorden,pgorden7j@tinyurl.com,Female,137.191.255.74
273,Denney,Potticary,dpotticary7k@1688.com,Genderfluid,235.46.64.220
274,Aluin,Jaffra,ajaffra7l@dailymotion.com,Male,156.70.174.99
275,Raynard,Kob,rkob7m@baidu.com,Male,203.148.169.40
276,Cooper,Haining,chaining7n@miitbeian.gov.cn,Male,186.31.229.95
277,Ailey,Audsley,aaudsley7o@infoseek.co.jp,Female,249.147.144.137
278,Tybi,Bonome,tbonome7p@vkontakte.ru,Non-binary,49.178.255.32
279,Nari,Davet,ndavet7q@oakley.com,Female,100.7.137.63
280,Lira,Heaney,lheaney7r@japanpost.jp,Female,134.111.198.8
281,Cassondra,Matasov,cmatasov7s@opera.com,Female,225.42.169.73
282,Fernanda,Bendixen,fbendixen7t@goodreads.com,Female,14.47.28.185
283,Meade,MacCafferty,mmaccafferty7u@dailymail.co.uk,Female,227.13.253.69
284,Hanna,Hillburn,hhillburn7v@linkedin.com,Female,73.122.236.71
285,Pamela,Gildersleeve,pgildersleeve7w@uiuc.edu,Female,144.96.161.70
286,Boyce,Pooley,bpooley7x@fema.gov,Male,164.205.97.198
287,Fraser,Jzak,fjzak7y@stumbleupon.com,Male,67.251.175.241
288,Kattie,Stainsby,kstainsby7z@vimeo.com,Female,142.250.61.206
289,Ulrica,Aubray,uaubray80@google.ru,Female,223.194.125.130
290,Donnell,Barenski,dbarenski81@marriott.com,Male,215.123.222.228
291,Fayette,De Micoli,fdemicoli82@quantcast.com,Female,235.93.61.215
292,Cecil,MacNess,cmacness83@dropbox.com,Male,243.31.151.107
293,Opalina,Dhenin,odhenin84@epa.gov,Female,230.9.16.63
294,Ruprecht,Colliss,rcolliss85@networksolutions.com,Male,219.214.223.177
295,Langsdon,Francis,lfrancis86@imageshack.us,Male,53.206.141.41
296,Jess,Gainsboro,jgainsboro87@infoseek.co.jp,Female,169.119.132.180
297,Maurice,Halsey,mhalsey88@irs.gov,Male,234.252.111.179
298,Laird,Dubois,ldubois89@facebook.com,Male,38.112.122.21
299,Neal,Heustace,nheustace8a@wordpress.com,Male,220.146.118.100
300,Jacintha,Gue,jgue8b@boston.com,Female,35.227.147.119
301,Maia,Townley,mtownley8c@skype.com,Female,183.45.140.151
302,Deva,Trevor,dtrevor8d@blogger.com,Female,239.201.49.144
303,Garv,Hook,ghook8e@va.gov,Male,221.8.38.210
304,Adria,Beedie,abeedie8f@adobe.com,Female,174.109.97.60
305,Linet,Locket,llocket8g@plala.or.jp,Female,189.207.253.208
306,Allegra,Dobrowolski,adobrowolski8h@gizmodo.com,Female,74.209.39.121
307,Averyl,Gleasane,agleasane8i@umich.edu,Female,172.217.123.44
308,Amelita,Esby,aesby8j@artisteer.com,Non-binary,23.156.241.200
309,Forrest,Dorrington,fdorrington8k@nyu.edu,Male,243.102.38.37
310,Amalle,Spon,aspon8l@chicagotribune.com,Female,16.20.79.236
311,Keen,Haycox,khaycox8m@i2i.jp,Male,243.58.8.77
312,Noell,Fishpond,nfishpond8n@tumblr.com,Female,23.8.132.2
313,Claiborn,Billham,cbillham8o@forbes.com,Male,235.233.1.239
314,Kira,Andrzejak,kandrzejak8p@usatoday.com,Female,250.18.183.173
315,Rafaelita,Eastup,reastup8q@altervista.org,Female,245.174.190.131
316,Frannie,Nussii,fnussii8r@stanford.edu,Male,227.38.26.213
317,Marjy,Shrigley,mshrigley8s@nyu.edu,Female,59.168.212.210
318,Celinka,Pennaman,cpennaman8t@marriott.com,Female,254.247.173.116
319,Terrye,Tarborn,ttarborn8u@aboutads.info,Female,151.116.177.22
320,Raffaello,Eccleshare,reccleshare8v@ucoz.com,Male,238.66.83.109
321,Derrik,Bellin,dbellin8w@craigslist.org,Male,2.190.126.134
322,Deeyn,Portail,dportail8x@mit.edu,Non-binary,176.56.227.92
323,Jed,Brogi,jbrogi8y@archive.org,Male,26.42.185.45
324,Tades,Duckett,tduckett8z@php.net,Male,82.89.122.29
325,Cliff,Sarre,csarre90@squidoo.com,Male,58.49.120.91
326,Grata,Stanbury,gstanbury91@blogtalkradio.com,Female,255.5.38.129
327,Fanchette,Brandrick,fbrandrick92@pbs.org,Female,193.205.230.235
328,Fiorenze,Welbrock,fwelbrock93@upenn.edu,Female,52.242.50.149
329,Silvana,Kirsopp,skirsopp94@e-recht24.de,Genderqueer,199.176.150.162
330,Jeremy,Barnby,jbarnby95@spotify.com,Male,215.164.31.99
331,Wallas,Girhard,wgirhard96@wufoo.com,Male,85.4.152.73
332,Boy,Caveau,bcaveau97@bbb.org,Male,113.253.206.45
333,Deonne,Rannie,drannie98@goo.ne.jp,Female,61.42.191.159
334,Maddie,Demougeot,mdemougeot99@list-manage.com,Female,224.208.130.213
335,Norri,Eversfield,neversfield9a@home.pl,Female,30.181.155.85
336,Dara,Seymark,dseymark9b@qq.com,Female,169.180.5.106
337,Zonda,Penquet,zpenquet9c@abc.net.au,Female,84.127.105.76
338,Tarrah,Atton,tatton9d@cnn.com,Agender,180.236.15.112
339,Claretta,Grigore,cgrigore9e@sogou.com,Female,180.163.211.183
340,Jessy,Pinsent,jpinsent9f@yelp.com,Female,131.128.225.134
341,Edyth,Thurgood,ethurgood9g@earthlink.net,Female,99.146.192.122
342,Bendix,Quarles,bquarles9h@diigo.com,Male,196.52.39.21
343,Jorey,Stegell,jstegell9i@w3.org,Female,214.195.251.70
344,Hogan,Hirjak,hhirjak9j@cornell.edu,Male,76.136.127.45
345,Oates,Lacaze,olacaze9k@earthlink.net,Male,186.215.19.175
346,Brandyn,McKeon,bmckeon9l@scientificamerican.com,Male,56.20.194.248
347,Gusta,McArd,gmcard9m@oakley.com,Female,18.120.211.206
348,Isidro,Coade,icoade9n@homestead.com,Male,83.253.199.240
349,Darrell,Klassman,dklassman9o@over-blog.com,Male,127.224.167.59
350,Malcolm,Gutridge,mgutridge9p@disqus.com,Male,182.217.10.80
351,Derick,McSporon,dmcsporon9q@archive.org,Male,87.178.174.83
352,Duffie,Newland,dnewland9r@hostgator.com,Male,46.173.64.173
353,Leicester,Beebe,lbeebe9s@ft.com,Male,147.126.57.29
354,Elsbeth,Sleeny,esleeny9t@google.com.au,Female,90.63.183.132
355,Whitney,Oldham,woldham9u@discovery.com,Male,33.146.2.172
356,Gillan,Rois,grois9v@telegraph.co.uk,Bigender,99.91.192.202
357,Igor,Spiers,ispiers9w@ft.com,Male,67.126.131.169
358,Christa,Bechley,cbechley9x@miitbeian.gov.cn,Female,72.89.91.119
359,Adolphe,Claisse,aclaisse9y@trellian.com,Male,132.193.192.124
360,Jilleen,Luggar,jluggar9z@de.vu,Female,41.105.75.240
361,Enoch,Seavers,eseaversa0@nhs.uk,Male,19.183.240.148
362,Ara,Barme,abarmea1@whitehouse.gov,Male,173.76.73.36
363,Abe,Tomes,atomesa2@weather.com,Male,106.128.19.63
364,Freddie,Bleackly,fbleacklya3@eepurl.com,Male,79.86.8.49
365,Otto,Drabble,odrabblea4@guardian.co.uk,Male,104.8.115.83
366,Dalton,Willshear,dwillsheara5@reddit.com,Male,40.138.80.118
367,Gayel,Neary,gnearya6@ibm.com,Female,14.117.147.243
368,Aloysius,Cello,acelloa7@mozilla.com,Male,152.18.60.94
369,Una,Seeney,useeneya8@sohu.com,Agender,66.2.172.186
370,Harlin,Browett,hbrowetta9@technorati.com,Male,41.108.0.14
371,Roby,Robilliard,rrobilliardaa@gizmodo.com,Genderqueer,33.249.5.106
372,Steffie,Watmough,swatmoughab@microsoft.com,Female,244.215.242.58
373,Hersch,Sloam,hsloamac@time.com,Male,64.63.174.152
374,Budd,Foxley,bfoxleyad@so-net.ne.jp,Genderfluid,69.10.249.100
375,Trev,MacCoughan,tmaccoughanae@csmonitor.com,Non-binary,140.73.219.79
376,Ruthie,Harnetty,rharnettyaf@so-net.ne.jp,Female,22.100.87.56
377,Ainslie,Collidge,acollidgeag@ning.com,Female,163.105.209.149
378,Sampson,Willgrass,swillgrassah@shutterfly.com,Male,216.175.189.17
379,Barney,Swyer,bswyerai@wp.com,Male,167.104.29.5
380,Sheri,Yashaev,syashaevaj@cargocollective.com,Female,146.151.248.99
381,Angel,Heaphy,aheaphyak@upenn.edu,Male,118.38.229.139
382,Katharine,Betteridge,kbetteridgeal@over-blog.com,Female,45.186.160.95
383,Barri,Gallihaulk,bgallihaulkam@scientificamerican.com,Male,186.190.180.239
384,Pauli,Minnis,pminnisan@jimdo.com,Female,117.140.83.139
385,Alidia,Worgan,aworganao@soup.io,Female,206.252.21.86
386,Garth,Vernay,gvernayap@wikimedia.org,Male,164.79.163.35
387,Norri,Crack,ncrackaq@boston.com,Genderqueer,102.120.188.19
388,Ingemar,Doyle,idoylear@disqus.com,Male,0.227.182.212
389,Woodman,Eborn,webornas@digg.com,Male,148.8.29.193
390,Desmund,Raye,drayeat@ameblo.jp,Male,200.247.194.217
391,Abran,Fladgate,afladgateau@china.com.cn,Male,51.4.15.217
392,Dulcine,Antonoczyk,dantonoczykav@mtv.com,Female,45.73.251.35
393,Penn,Jenson,pjensonaw@noaa.gov,Male,174.33.51.53
394,Humfried,Permain,hpermainax@mediafire.com,Male,171.197.209.220
395,Helene,Gillbey,hgillbeyay@skyrock.com,Agender,239.85.14.112
396,Chas,Blachford,cblachfordaz@cdbaby.com,Male,203.49.60.50
397,Cletis,Speke,cspekeb0@nydailynews.com,Male,10.150.4.75
398,Rosemarie,O'Brogan,robroganb1@barnesandnoble.com,Female,0.84.117.216
399,Jolyn,Choules,jchoulesb2@stumbleupon.com,Female,94.177.37.19
400,Patty,Mendez,pmendezb3@com.com,Female,84.60.109.54
401,Shell,Robjents,srobjentsb4@china.com.cn,Female,207.146.59.18
402,Eba,Dahmel,edahmelb5@photobucket.com,Female,96.137.80.215
403,Daniele,Van Dale,dvandaleb6@bbc.co.uk,Female,80.177.25.226
404,Trix,Murfett,tmurfettb7@patch.com,Female,99.111.226.91
405,Emilio,Fortnam,efortnamb8@springer.com,Male,240.231.222.77
406,Lelia,Hobble,lhobbleb9@independent.co.uk,Female,18.156.235.174
407,Alleyn,Shepherd,ashepherdba@japanpost.jp,Bigender,196.225.11.22
408,Kelwin,Kilpatrick,kkilpatrickbb@examiner.com,Male,55.246.253.137
409,Analiese,Albin,aalbinbc@economist.com,Female,252.145.136.188
410,Townie,Grushin,tgrushinbd@instagram.com,Male,57.173.218.138
411,Simmonds,Russam,srussambe@netvibes.com,Male,146.6.91.48
412,Zane,Tidball,ztidballbf@businesswire.com,Male,153.40.223.219
413,Friedrich,Josselson,fjosselsonbg@google.ru,Male,225.229.134.110
414,Beaufort,McCloughlin,bmccloughlinbh@goo.gl,Male,64.153.160.200
415,Otis,Dulake,odulakebi@liveinternet.ru,Male,239.128.207.71
416,Letizia,Leggin,llegginbj@github.com,Polygender,70.111.67.37
417,Helge,Delgado,hdelgadobk@indiegogo.com,Female,46.233.124.116
418,Sibel,Billinge,sbillingebl@scribd.com,Female,106.209.138.162
419,Vassily,McCurt,vmccurtbm@altervista.org,Male,168.126.77.7
420,Nicholas,Jorgesen,njorgesenbn@constantcontact.com,Male,158.12.42.185
421,Sergent,Fishbourn,sfishbournbo@gravatar.com,Male,98.188.161.218
422,Sabina,McAlester,smcalesterbp@umn.edu,Female,122.118.236.133
423,Nico,Laxton,nlaxtonbq@live.com,Male,12.151.217.83
424,Temp,Just,tjustbr@netvibes.com,Male,194.56.7.245
425,Jaye,Neild,jneildbs@wired.com,Male,65.44.216.232
426,Belle,Ricco,briccobt@xinhuanet.com,Female,91.229.68.128
427,Callean,Arcase,carcasebu@oaic.gov.au,Male,73.50.20.9
428,Asa,Baudic,abaudicbv@istockphoto.com,Male,13.38.182.2
429,Eloise,Dewen,edewenbw@goo.ne.jp,Female,122.130.179.52
430,Ronnica,Swanborough,rswanboroughbx@opensource.org,Female,59.151.46.175
431,Lizbeth,Batterham,lbatterhamby@cyberchimps.com,Female,208.145.197.148
432,Siusan,Frankham,sfrankhambz@pinterest.com,Female,81.12.212.141
433,Tandi,Gales,tgalesc0@bing.com,Female,39.211.80.144
434,Carla,Cormode,ccormodec1@arstechnica.com,Female,100.24.104.57
435,Vilhelmina,Cramb,vcrambc2@fema.gov,Female,29.145.209.238
436,Barri,Ney,bneyc3@woothemes.com,Male,116.94.135.157
437,Daveta,Vedenyapin,dvedenyapinc4@goo.ne.jp,Female,128.156.91.128
438,Emelen,Halkyard,ehalkyardc5@census.gov,Male,75.119.251.211
439,Willey,Wattins,wwattinsc6@ucsd.edu,Male,162.105.216.238
440,Ram,MacTrustam,rmactrustamc7@seattletimes.com,Male,52.18.91.99
441,Regan,Smalls,rsmallsc8@umn.edu,Male,5.37.33.102
442,Bealle,Bleier,bbleierc9@upenn.edu,Male,81.6.120.203
443,Elianore,Zanicchelli,ezanicchellica@theguardian.com,Female,45.133.245.238
444,Franni,O'Duane,foduanecb@wisc.edu,Bigender,145.238.233.175
445,Nikolaos,Hissie,nhissiecc@hexun.com,Male,26.49.122.70
446,Godfree,Goforth,ggoforthcd@creativecommons.org,Male,129.49.253.216
447,Arnold,Aldins,aaldinsce@etsy.com,Male,162.204.64.171
448,Marius,Fouracre,mfouracrecf@chron.com,Male,42.180.237.77
449,Shelton,Swannie,sswanniecg@independent.co.uk,Male,132.142.144.51
450,Lanie,Holmyard,lholmyardch@shutterfly.com,Genderfluid,76.36.116.176
451,Elisabet,Southgate,esouthgateci@list-manage.com,Female,192.41.161.32
452,Eve,Labro,elabrocj@umich.edu,Female,177.109.197.0
453,Enoch,Gerling,egerlingck@opera.com,Male,238.82.105.214
454,Howey,McComish,hmccomishcl@vk.com,Bigender,32.132.93.117
455,Elenore,Dufton,eduftoncm@nps.gov,Female,203.147.245.51
456,Kean,Van Dalen,kvandalencn@networkadvertising.org,Male,255.144.84.179
457,Lowrance,Lavington,llavingtonco@stumbleupon.com,Male,89.88.157.84
458,Inna,Bantock,ibantockcp@biblegateway.com,Female,217.59.121.91
459,Earl,Burbank,eburbankcq@webeden.co.uk,Male,144.139.181.194
460,Jacinda,Cleynman,jcleynmancr@dailymail.co.uk,Female,176.168.50.202
461,Doralyn,Sawer,dsawercs@un.org,Female,154.194.134.184
462,Suzanna,Witchalls,switchallsct@com.com,Female,174.112.252.209
463,Hobey,Glader,hgladercu@chronoengine.com,Male,48.240.126.81
464,Thorpe,Cloke,tclokecv@springer.com,Male,177.9.1.190
465,Gianina,Bouzan,gbouzancw@barnesandnoble.com,Female,197.15.103.247
466,Giorgio,Balas,gbalascx@google.com.hk,Male,167.225.109.125
467,Ulrick,Columbell,ucolumbellcy@indiegogo.com,Male,46.111.82.198
468,Jud,Coggles,jcogglescz@furl.net,Genderqueer,187.120.171.95
469,Claudell,Partrick,cpartrickd0@google.co.jp,Male,225.251.127.105
470,Roseann,Ettles,rettlesd1@go.com,Female,232.71.197.207
471,Cilka,Steade,csteaded2@biglobe.ne.jp,Female,81.133.251.97
472,Gris,Panter,gpanterd3@squarespace.com,Male,201.115.95.10
473,Giles,Feldman,gfeldmand4@simplemachines.org,Male,152.246.200.97
474,Brianne,Grute,bgruted5@goo.ne.jp,Female,115.229.230.65
475,Wernher,Parken,wparkend6@msu.edu,Genderqueer,130.246.160.25
476,Leroi,Mirrlees,lmirrleesd7@nsw.gov.au,Male,196.19.147.31
477,Morganica,Peare,mpeared8@uol.com.br,Female,34.20.146.168
478,Helen-elizabeth,Rochester,hrochesterd9@tinyurl.com,Female,135.122.162.30
479,Florance,Rhodes,frhodesda@accuweather.com,Female,114.176.75.172
480,Esra,Frisby,efrisbydb@nyu.edu,Male,50.238.182.168
481,Johnny,Videler,jvidelerdc@weebly.com,Male,196.106.11.3
482,Bruce,Deinhard,bdeinharddd@samsung.com,Male,98.226.224.55
483,Alasteir,Czaple,aczaplede@qq.com,Male,168.187.60.221
484,Panchito,McGooch,pmcgoochdf@intel.com,Male,148.211.189.196
485,Marlee,Klossek,mklossekdg@prlog.org,Female,158.134.6.220
486,Valida,Elmhurst,velmhurstdh@sbwire.com,Female,47.61.253.124
487,Clay,Salazar,csalazardi@springer.com,Male,29.17.219.236
488,Sigfried,MacAlinden,smacalindendj@smugmug.com,Male,2.28.165.158
489,Marcela,Dawney,mdawneydk@twitter.com,Female,2.106.224.39
490,Ossie,Garrud,ogarruddl@ustream.tv,Male,118.118.165.233
491,Theresina,Tweedell,ttweedelldm@hao123.com,Female,185.68.73.103
492,Estrellita,Lettson,elettsondn@dion.ne.jp,Female,66.226.254.210
493,Tirrell,Clyburn,tclyburndo@privacy.gov.au,Male,70.250.229.14
494,Gregg,Tremayne,gtremaynedp@cafepress.com,Male,28.105.94.235
495,Paolina,Manson,pmansondq@kickstarter.com,Female,121.77.159.2
496,Gert,Storcke,gstorckedr@dyndns.org,Female,162.131.107.148
497,Claribel,Kirsche,ckirscheds@google.ru,Female,238.77.128.4
498,Ian,Huller,ihullerdt@miibeian.gov.cn,Male,101.189.250.91
499,Annalee,Cellier,acellierdu@boston.com,Female,239.85.62.54
500,Rab,Ducker,rduckerdv@prweb.com,Non-binary,27.80.232.159
501,Oberon,Sangster,osangsterdw@deviantart.com,Male,200.230.48.145
502,Dannye,Costell,dcostelldx@blogger.com,Female,57.0.165.34
503,Kris,Spohr,kspohrdy@google.nl,Male,240.195.64.239
504,Emmalynn,Penhearow,epenhearowdz@pbs.org,Female,141.13.77.195
505,Alyss,Castellone,acastellonee0@aol.com,Female,214.75.143.70
506,Jammal,Haggath,jhaggathe1@live.com,Male,29.219.163.171
507,Rodrick,Krink,rkrinke2@examiner.com,Male,116.104.240.190
508,Adena,Risman,arismane3@guardian.co.uk,Female,53.13.254.142
509,Haze,Desmond,hdesmonde4@pen.io,Male,92.220.79.118
510,Jdavie,Borghese,jborghesee5@archive.org,Male,251.35.149.48
511,Marjie,Scawn,mscawne6@discuz.net,Genderfluid,190.38.92.225
512,Reagen,Bilyard,rbilyarde7@cafepress.com,Male,168.119.15.101
513,Ichabod,Duchart,iducharte8@time.com,Male,202.127.178.174
514,Bobbi,Archdeacon,barchdeacone9@mozilla.com,Female,241.80.21.8
515,Oneida,Thibodeaux,othibodeauxea@tmall.com,Female,171.2.152.106
516,Elly,Wilhelmy,ewilhelmyeb@walmart.com,Female,111.54.22.88
517,Shalne,Pinsent,spinsentec@gizmodo.com,Female,135.121.212.36
518,Grant,Rawne,grawneed@ning.com,Male,149.249.82.1
519,Hamid,Vaan,hvaanee@timesonline.co.uk,Male,102.237.11.246
520,Joachim,Loker,jlokeref@cbc.ca,Male,183.43.64.15
521,Bax,Casado,bcasadoeg@gizmodo.com,Male,13.158.176.28
522,Fanya,Sanja,fsanjaeh@zdnet.com,Female,69.23.238.189
523,Nichole,Robertazzi,nrobertazziei@studiopress.com,Male,48.102.35.58
524,Blondie,Samples,bsamplesej@nymag.com,Agender,104.165.22.18
525,Feliks,Le Page,flepageek@a8.net,Genderqueer,13.34.228.79
526,Parrnell,Cejka,pcejkael@zdnet.com,Male,192.117.175.117
527,Sonya,Lundbeck,slundbeckem@goo.gl,Female,192.235.191.193
528,Darby,Giffaut,dgiffauten@springer.com,Male,62.246.110.132
529,Queenie,Messingham,qmessinghameo@google.co.uk,Female,218.13.41.19
530,Rubia,Whelband,rwhelbandep@wikipedia.org,Female,148.3.185.14
531,Dari,Cromwell,dcromwelleq@goo.gl,Polygender,136.173.129.190
532,Tammy,Berzins,tberzinser@nifty.com,Female,42.83.168.41
533,Kain,Cusack,kcusackes@wp.com,Male,99.99.72.67
534,Parke,Linden,plindenet@youtube.com,Male,44.67.199.187
535,Caleb,Metzel,cmetzeleu@plala.or.jp,Male,8.102.13.238
536,Elsie,Astie,eastieev@accuweather.com,Female,198.207.71.184
537,Elliot,Stoke,estokeew@xinhuanet.com,Male,84.215.35.145
538,Raffaello,Spohr,rspohrex@fc2.com,Male,69.247.32.13
539,Nicolas,Swinney,nswinneyey@senate.gov,Male,12.18.165.93
540,Woodie,Goodred,wgoodredez@behance.net,Male,193.206.203.165
541,Archie,Spykins,aspykinsf0@google.it,Male,245.52.167.246
542,Sabrina,Gaither,sgaitherf1@amazonaws.com,Female,157.127.48.145
543,Dael,Stirzaker,dstirzakerf2@virginia.edu,Male,159.96.47.8
544,Vanessa,Matterson,vmattersonf3@bandcamp.com,Female,158.32.172.229
545,Alexandr,Rimour,arimourf4@bizjournals.com,Male,187.113.165.16
546,Matelda,Curtayne,mcurtaynef5@examiner.com,Female,152.204.31.49
547,Domingo,Aronovitz,daronovitzf6@printfriendly.com,Male,104.73.171.161
548,Othilia,Lace,olacef7@indiegogo.com,Female,199.168.129.185
549,Franni,Shimon,fshimonf8@artisteer.com,Female,203.66.38.39
550,Heidi,Valder,hvalderf9@nbcnews.com,Female,200.107.249.157
551,Evvie,Waddup,ewaddupfa@tmall.com,Female,123.149.141.8
552,Guthry,Probate,gprobatefb@fema.gov,Polygender,132.168.167.218
553,Jo ann,Setchfield,jsetchfieldfc@mac.com,Female,173.14.91.134
554,Hillier,Haskett,hhaskettfd@yahoo.com,Male,231.60.39.135
555,Leela,McCowen,lmccowenfe@home.pl,Female,70.213.175.12
556,Lindy,Tebboth,ltebbothff@issuu.com,Female,122.249.122.234
557,Bucky,De Biasio,bdebiasiofg@umich.edu,Male,50.138.244.224
558,Susann,Float,sfloatfh@dedecms.com,Female,154.222.20.96
559,Ulrikaumeko,Wedlake,uwedlakefi@tuttocitta.it,Female,241.229.206.69
560,Lamond,Ramsell,lramsellfj@tmall.com,Male,109.116.190.188
561,Melonie,Pietsma,mpietsmafk@ask.com,Female,217.106.214.6
562,Trula,Starie,tstariefl@webeden.co.uk,Female,171.76.171.218
563,Gaelan,Zanazzi,gzanazzifm@mozilla.com,Male,240.53.97.128
564,Zacharia,Coetzee,zcoetzeefn@taobao.com,Male,120.235.93.249
565,Ber,Knowlys,bknowlysfo@deviantart.com,Male,64.186.155.151
566,Anneliese,Sterrick,asterrickfp@free.fr,Female,69.179.228.206
567,Vincenty,Le Prevost,vleprevostfq@dion.ne.jp,Male,137.202.159.151
568,Allsun,Sturton,asturtonfr@youtu.be,Female,4.182.75.3
569,Danika,Rosenfield,drosenfieldfs@wikispaces.com,Female,158.37.50.153
570,Maximilianus,Allett,mallettft@state.tx.us,Male,221.177.144.134
571,Garner,Greim,ggreimfu@feedburner.com,Bigender,103.196.34.128
572,Lorraine,Denisard,ldenisardfv@amazonaws.com,Female,40.243.38.166
573,Far,Lally,flallyfw@theguardian.com,Male,244.197.126.208
574,Elfie,Landreth,elandrethfx@mlb.com,Female,185.92.92.63
575,Lonnard,Duckwith,lduckwithfy@youtube.com,Male,181.214.145.239
576,Allistir,Jovey,ajoveyfz@goodreads.com,Male,194.76.126.95
577,Finley,Henrie,fhenrieg0@mozilla.org,Male,150.145.155.174
578,Kiley,Hollingdale,khollingdaleg1@usa.gov,Female,115.86.76.131
579,Thatch,Becraft,tbecraftg2@paypal.com,Male,150.46.123.97
580,Stacee,Jeffress,sjeffressg3@infoseek.co.jp,Female,206.199.140.14
581,Twila,Speller,tspellerg4@dion.ne.jp,Female,150.17.3.150
582,Bethany,Wahncke,bwahnckeg5@weather.com,Female,102.70.169.159
583,Ben,Anwell,banwellg6@utexas.edu,Male,152.162.79.123
584,Keary,Gorvin,kgorving7@naver.com,Male,210.214.14.167
585,Ripley,Kleisle,rkleisleg8@yelp.com,Polygender,181.116.161.4
586,Nero,Fontenot,nfontenotg9@constantcontact.com,Male,247.35.244.237
587,Orlan,Mell,omellga@pen.io,Male,143.113.148.94
588,Vale,Fetherston,vfetherstongb@mail.ru,Female,218.207.72.216
589,Philis,Alejo,palejogc@seattletimes.com,Female,0.131.90.226
590,Lauritz,Cornner,lcornnergd@yahoo.co.jp,Male,67.231.170.29
591,Morena,Brownsell,mbrownsellge@cbslocal.com,Female,184.215.135.179
592,Jean,Burnyeat,jburnyeatgf@utexas.edu,Agender,182.180.91.35
593,Ilyse,Wolfenden,iwolfendengg@bizjournals.com,Female,207.178.45.86
594,Pat,Krause,pkrausegh@typepad.com,Male,210.202.28.48
595,Quintilla,Meneo,qmeneogi@hostgator.com,Female,65.132.2.122
596,Jarrett,Godby,jgodbygj@posterous.com,Male,229.130.171.193
597,Harlen,Bleesing,hbleesinggk@wsj.com,Male,44.180.80.215
598,Monro,Unworth,munworthgl@netscape.com,Male,181.169.0.135
599,Nadine,Elliker,nellikergm@mtv.com,Female,232.136.60.238
600,Shayna,Maingot,smaingotgn@geocities.jp,Non-binary,106.48.113.116
601,Enrica,Beavon,ebeavongo@marriott.com,Female,102.41.17.25
602,Kinnie,Haggis,khaggisgp@smh.com.au,Polygender,22.92.248.87
603,Ellynn,Matteucci,ematteuccigq@google.fr,Polygender,253.15.159.128
604,Chip,Jacquemot,cjacquemotgr@lulu.com,Male,192.101.161.118
605,Langsdon,Spall,lspallgs@imdb.com,Male,48.140.45.81
606,Trent,Cleeton,tcleetongt@sciencedirect.com,Male,254.155.76.157
607,Ketty,Rickis,krickisgu@google.co.uk,Female,129.244.126.174
608,Edd,Turnell,eturnellgv@gravatar.com,Male,87.45.148.158
609,Murry,Simants,msimantsgw@upenn.edu,Male,152.252.63.131
610,Ole,Flanagan,oflanagangx@independent.co.uk,Male,78.173.83.235
611,Tobias,Velden,tveldengy@lycos.com,Male,178.168.123.17
612,Pooh,Chaudhry,pchaudhrygz@symantec.com,Male,211.16.123.163
613,Pat,Poizer,ppoizerh0@shutterfly.com,Female,236.215.58.40
614,Arabelle,Ivanenkov,aivanenkovh1@ebay.co.uk,Female,124.241.171.144
615,Allys,Elliston,aellistonh2@un.org,Female,137.238.243.161
616,Monti,Cornbill,mcornbillh3@liveinternet.ru,Male,40.223.173.192
617,Muriel,Neissen,mneissenh4@yale.edu,Female,202.134.220.127
618,Florinda,Le Blond,fleblondh5@si.edu,Female,248.250.178.241
619,Hershel,Giggie,hgiggieh6@angelfire.com,Male,181.112.211.196
620,Malcolm,Thornally,mthornallyh7@narod.ru,Polygender,137.193.208.4
621,Denni,Scraggs,dscraggsh8@freewebs.com,Female,108.46.58.217
622,Jenna,Faichnie,jfaichnieh9@com.com,Female,214.100.15.152
623,Starlene,Raden,sradenha@globo.com,Female,9.11.182.227
624,Erin,De Souza,edesouzahb@google.co.jp,Female,6.42.25.196
625,Artemas,Mellor,amellorhc@dailymotion.com,Bigender,227.59.47.46
626,Halli,Guiet,hguiethd@comcast.net,Female,54.179.55.85
627,Ellswerth,Bahde,ebahdehe@xing.com,Male,45.250.61.42
628,Augie,Bertelet,abertelethf@fda.gov,Male,219.69.144.232
629,Bonnie,Gillbanks,bgillbankshg@instagram.com,Female,206.146.166.109
630,Averil,Aurelius,aaureliushh@gravatar.com,Male,60.37.40.112
631,Derwin,Leverette,dleverettehi@mozilla.com,Male,151.163.150.106
632,Joel,Steventon,jsteventonhj@deliciousdays.com,Male,73.99.86.56
633,Brock,Gwilt,bgwilthk@bloglines.com,Male,29.142.134.162
634,Joey,Abthorpe,jabthorpehl@youku.com,Male,134.130.185.223
635,Roberto,Phipson,rphipsonhm@businesswire.com,Male,231.179.10.57
636,Pattin,Duquesnay,pduquesnayhn@amazon.co.jp,Male,18.246.227.88
637,Eleanora,Ganiford,eganifordho@yahoo.com,Female,236.86.176.219
638,Jamal,Hattiff,jhattiffhp@homestead.com,Male,20.207.139.32
639,Brady,Nisuis,bnisuishq@indiatimes.com,Male,120.180.27.55
640,Karly,Dykins,kdykinshr@ftc.gov,Genderqueer,176.67.25.211
641,Alister,Morsley,amorsleyhs@fc2.com,Male,31.125.46.18
642,Leicester,Symes,lsymesht@state.gov,Male,210.238.235.100
643,Cammy,Kempstone,ckempstonehu@archive.org,Male,182.40.222.211
644,Ralph,Pothbury,rpothburyhv@patch.com,Male,246.117.134.163
645,Sanford,Keeping,skeepinghw@t.co,Male,48.134.64.157
646,Tomkin,Revitt,trevitthx@instagram.com,Male,242.138.154.134
647,Dudley,Shorthill,dshorthillhy@woothemes.com,Male,230.220.120.227
648,Nevile,Hydes,nhydeshz@irs.gov,Male,236.20.101.134
649,Casper,Worling,cworlingi0@nyu.edu,Male,14.80.130.32
650,Lazaro,Kindle,lkindlei1@sitemeter.com,Male,252.220.105.5
651,Seana,Fewless,sfewlessi2@examiner.com,Female,96.82.110.37
652,Shepherd,Buttfield,sbuttfieldi3@ftc.gov,Male,199.60.116.21
653,Bertrand,Ledster,bledsteri4@1688.com,Male,86.0.80.39
654,Anita,Swinney,aswinneyi5@ow.ly,Female,182.74.178.41
655,Sigismondo,Cumberpatch,scumberpatchi6@oaic.gov.au,Male,179.35.245.172
656,Bianka,Rea,breai7@opera.com,Female,182.218.182.113
657,Hilary,Dibben,hdibbeni8@github.io,Agender,241.126.31.250
658,Arlan,Mahaddy,amahaddyi9@i2i.jp,Male,102.107.26.206
659,Marice,Gibbeson,mgibbesonia@comcast.net,Female,192.63.10.1
660,Candy,Vacher,cvacherib@exblog.jp,Female,235.170.196.90
661,Ringo,Thwaite,rthwaiteic@sun.com,Male,234.27.253.58
662,Tabatha,Osban,tosbanid@jimdo.com,Female,89.135.24.19
663,Brennan,Dobsons,bdobsonsie@taobao.com,Male,81.228.246.87
664,Shelby,Delwater,sdelwaterif@salon.com,Female,247.225.184.182
665,Em,Shelly,eshellyig@weebly.com,Bigender,68.188.25.198
666,Gran,Deeny,gdeenyih@yale.edu,Male,187.198.216.78
667,Faustina,Birtle,fbirtleii@youtu.be,Female,27.29.197.19
668,Blithe,Labat,blabatij@dion.ne.jp,Female,199.76.75.246
669,Lucio,Blampey,lblampeyik@zdnet.com,Male,15.52.4.87
670,Eva,Gerbl,egerblil@patch.com,Genderfluid,68.165.37.130
671,Creighton,Lusted,clustedim@mlb.com,Male,84.89.153.186
672,Venus,Baldacchi,vbaldacchiin@timesonline.co.uk,Female,124.85.40.97
673,Tadio,Haddock,thaddockio@privacy.gov.au,Male,103.103.233.71
674,Killian,Neil,kneilip@google.cn,Male,86.113.75.244
675,Malena,Fendlow,mfendlowiq@deliciousdays.com,Female,14.187.244.53
676,Hewett,Fairpool,hfairpoolir@youtu.be,Male,131.99.24.17
677,Emmery,Parncutt,eparncuttis@163.com,Male,206.222.155.183
678,Winonah,Chillistone,wchillistoneit@soundcloud.com,Female,178.0.161.51
679,Benedicto,Celler,bcelleriu@tamu.edu,Male,126.67.225.163
680,Kermie,Mandre,kmandreiv@webnode.com,Bigender,251.43.137.44
681,Mavis,McHale,mmchaleiw@wunderground.com,Female,175.54.12.122
682,Betta,Rivers,briversix@wired.com,Female,217.108.113.20
683,Martelle,Phippard,mphippardiy@mysql.com,Female,254.207.208.138
684,Calley,Kensett,ckensettiz@purevolume.com,Female,75.215.90.248
685,Judy,Cottey,jcotteyj0@yelp.com,Female,190.179.186.197
686,Lauren,Turone,lturonej1@tinyurl.com,Male,101.139.204.116
687,Swen,Ayris,sayrisj2@weebly.com,Genderfluid,247.94.235.192
688,Burnard,Wrightam,bwrightamj3@marriott.com,Male,180.165.142.114
689,Bentley,Copley,bcopleyj4@virginia.edu,Male,222.160.121.155
690,Son,Rutgers,srutgersj5@va.gov,Agender,124.246.181.77
691,Dimitri,Lippiello,dlippielloj6@icio.us,Male,206.8.59.237
692,Gavin,Deary,gdearyj7@deviantart.com,Male,112.218.182.245
693,Mable,Volleth,mvollethj8@bluehost.com,Female,122.67.16.246
694,Calla,Hardistry,chardistryj9@shop-pro.jp,Female,199.181.156.37
695,James,Agglione,jagglioneja@gov.uk,Polygender,159.81.241.107
696,Lev,Leftwich,lleftwichjb@hud.gov,Male,29.221.36.61
697,Staford,Tear,stearjc@paypal.com,Male,79.116.240.24
698,Vincenty,Plewes,vplewesjd@woothemes.com,Male,15.87.149.136
699,Janetta,McAtamney,jmcatamneyje@ebay.com,Female,101.204.175.196
700,Emelina,Sandall,esandalljf@ask.com,Female,5.91.222.255
701,Zacharia,Mottram,zmottramjg@nifty.com,Male,163.130.6.27
702,Clea,De Lascy,cdelascyjh@webnode.com,Female,42.5.161.131
703,Revkah,Probet,rprobetji@so-net.ne.jp,Female,50.254.13.244
704,Deck,Bril,dbriljj@xrea.com,Male,214.248.244.185
705,Sammie,Jakeway,sjakewayjk@usatoday.com,Male,210.24.176.61
706,Marcellus,Bachelar,mbachelarjl@foxnews.com,Male,249.191.157.93
707,Chrystel,Cullabine,ccullabinejm@t.co,Female,109.99.93.52
708,Kathy,Durran,kdurranjn@tmall.com,Female,136.95.104.111
709,Letta,Collicott,lcollicottjo@cargocollective.com,Agender,137.155.98.84
710,Mariel,Vernau,mvernaujp@wordpress.org,Female,92.111.131.105
711,Dita,Scoffham,dscoffhamjq@booking.com,Female,247.27.130.244
712,Dulce,Kinsell,dkinselljr@ustream.tv,Female,151.158.225.127
713,Josie,Van den Bosch,jvandenboschjs@squarespace.com,Female,176.76.110.158
714,Sylas,Faley,sfaleyjt@twitpic.com,Male,81.77.96.206
715,Cordie,Avramchik,cavramchikju@stanford.edu,Male,21.228.140.27
716,Cory,Stanyard,cstanyardjv@goodreads.com,Male,13.118.124.172
717,Brian,Lamden,blamdenjw@discuz.net,Male,239.49.102.133
718,Emmalynne,Willoughley,ewilloughleyjx@domainmarket.com,Genderfluid,226.161.119.161
719,Olivero,Luxen,oluxenjy@rediff.com,Male,18.255.177.230
720,Burk,McAlinion,bmcalinionjz@bizjournals.com,Male,79.48.5.183
721,Queenie,Jehaes,qjehaesk0@php.net,Female,81.121.133.142
722,Robert,Dunstone,rdunstonek1@360.cn,Male,233.74.142.55
723,Luther,Lancastle,llancastlek2@state.tx.us,Male,135.133.72.199
724,Larissa,Swindle,lswindlek3@princeton.edu,Female,191.252.179.101
725,Evangelin,Opdenorth,eopdenorthk4@wordpress.com,Female,121.119.252.246
726,Stephi,McClelland,smcclellandk5@phpbb.com,Female,36.244.223.55
727,Elmira,Kinman,ekinmank6@github.io,Female,184.60.91.215
728,Calv,Choudhury,cchoudhuryk7@chronoengine.com,Male,14.116.236.156
729,Kent,Thewless,kthewlessk8@youtube.com,Male,137.182.14.112
730,Annalee,Ebhardt,aebhardtk9@house.gov,Female,107.133.95.131
731,Fabian,Surfleet,fsurfleetka@ifeng.com,Genderqueer,209.82.86.110
732,Nyssa,Dewsbury,ndewsburykb@ask.com,Female,175.218.59.219
733,Latia,Hasney,lhasneykc@fema.gov,Female,188.212.39.141
734,Tally,Leifer,tleiferkd@ocn.ne.jp,Female,78.163.222.71
735,Cymbre,Scarasbrick,cscarasbrickke@cnn.com,Female,69.60.63.40
736,Jarred,Hayworth,jhayworthkf@opera.com,Male,73.242.96.220
737,Tommy,Ripon,triponkg@tiny.cc,Female,250.239.241.189
738,Naoma,Lambotin,nlambotinkh@google.pl,Female,114.11.187.32
739,Colas,Richt,crichtki@weebly.com,Male,141.47.12.71
740,Amandi,Wilacot,awilacotkj@ft.com,Female,234.61.83.161
741,Nana,Merredy,nmerredykk@ucoz.ru,Female,246.37.141.235
742,Bernardo,Gerrie,bgerriekl@nsw.gov.au,Genderqueer,156.105.87.244
743,Carolann,Pettersen,cpettersenkm@cocolog-nifty.com,Female,247.192.229.94
744,Esther,Marnes,emarneskn@bigcartel.com,Female,252.46.148.244
745,Ringo,Charlotte,rcharlotteko@yellowpages.com,Male,172.220.159.102
746,Rabi,Waterland,rwaterlandkp@gnu.org,Male,7.167.231.159
747,Shadow,Carstairs,scarstairskq@kickstarter.com,Male,199.52.114.98
748,Linet,Rizzillo,lrizzillokr@nih.gov,Female,192.232.165.41
749,Eddie,Skone,eskoneks@ihg.com,Male,56.136.251.80
750,Malorie,Hamer,mhamerkt@dell.com,Female,48.18.159.55
751,Sherm,Metzke,smetzkeku@phpbb.com,Male,236.161.114.231
752,Dannie,Batchan,dbatchankv@nature.com,Female,115.77.68.160
753,Janaya,Jeaycock,jjeaycockkw@fda.gov,Female,3.159.222.138
754,Charlean,Elmore,celmorekx@jiathis.com,Female,224.167.218.173
755,Arty,Frary,afraryky@seesaa.net,Male,153.152.202.221
756,Peria,Rouge,prougekz@google.de,Female,165.199.160.249
757,Herbie,Wolfenden,hwolfendenl0@acquirethisname.com,Male,85.27.242.134
758,Aurore,Faltin,afaltinl1@unicef.org,Non-binary,3.135.117.182
759,Dewey,Budcock,dbudcockl2@domainmarket.com,Male,99.110.189.44
760,Andrej,Stovin,astovinl3@php.net,Male,230.28.245.210
761,Corrinne,Farress,cfarressl4@wunderground.com,Female,249.197.194.165
762,Cory,Flinn,cflinnl5@mayoclinic.com,Male,180.24.42.129
763,Chelsae,Trusty,ctrustyl6@wiley.com,Polygender,123.30.84.207
764,Seumas,Butterfill,sbutterfilll7@pcworld.com,Male,255.120.251.190
765,Torin,Saiz,tsaizl8@timesonline.co.uk,Male,43.246.134.234
766,Corene,Bridden,cbriddenl9@ihg.com,Female,104.134.70.242
767,Leighton,Wandrey,lwandreyla@unc.edu,Male,28.87.215.29
768,Howey,Blonden,hblondenlb@unicef.org,Male,254.72.46.22
769,Tuesday,Duguid,tduguidlc@un.org,Female,221.73.44.85
770,Isobel,Bown,ibownld@example.com,Female,205.56.10.77
771,Udell,Ritchie,uritchiele@php.net,Male,1.94.220.101
772,Marv,Munnis,mmunnislf@ucoz.ru,Male,69.254.240.246
773,Eba,Monkley,emonkleylg@wikispaces.com,Female,136.151.194.205
774,Hazel,Szymanek,hszymaneklh@google.pl,Male,250.173.198.163
775,Kamilah,Davydochkin,kdavydochkinli@tinypic.com,Female,134.248.76.20
776,Brennan,Gouldbourn,bgouldbournlj@etsy.com,Genderqueer,175.27.169.45
777,Tobit,Rojahn,trojahnlk@livejournal.com,Male,117.114.112.225
778,Fawnia,Stronack,fstronackll@pagesperso-orange.fr,Female,62.237.33.78
779,Bab,Skipper,bskipperlm@businessinsider.com,Female,248.10.214.180
780,Swen,Cordet,scordetln@discuz.net,Male,171.42.48.52
781,Gilda,Glendza,gglendzalo@state.gov,Female,214.255.193.79
782,Jephthah,McKennan,jmckennanlp@soup.io,Male,109.208.79.53
783,Nanni,Flaverty,nflavertylq@reference.com,Female,201.12.183.106
784,Wilow,Arter,warterlr@techcrunch.com,Female,163.23.0.121
785,Elwood,Saiens,esaiensls@icq.com,Male,40.64.1.184
786,Frederic,Harrop,fharroplt@vk.com,Male,103.195.186.85
787,Mag,Ulrik,mulriklu@theatlantic.com,Female,176.21.227.59
788,Valentin,Goudie,vgoudielv@statcounter.com,Male,131.24.140.240
789,Cristobal,Tomalin,ctomalinlw@thetimes.co.uk,Male,70.156.194.213
790,Tabby,Harlow,tharlowlx@telegraph.co.uk,Male,129.15.146.84
791,Marlena,O'Bradden,mobraddenly@shutterfly.com,Genderfluid,191.155.112.228
792,Chancey,Jaime,cjaimelz@blog.com,Male,138.153.190.251
793,Chadd,Linton,clintonm0@upenn.edu,Male,223.161.61.165
794,Maudie,Gaywood,mgaywoodm1@constantcontact.com,Female,60.28.184.126
795,Maxie,Zouch,mzouchm2@yelp.com,Male,173.209.102.59
796,Ann-marie,O' Concannon,aoconcannonm3@ft.com,Female,28.230.199.24
797,Arron,Mohamed,amohamedm4@amazonaws.com,Male,183.224.181.172
798,Titus,Heistermann,theistermannm5@ebay.com,Genderqueer,31.229.249.229
799,Warner,Lawey,wlaweym6@mtv.com,Male,63.211.215.158
800,Zeke,Heed,zheedm7@over-blog.com,Male,154.105.233.46
801,Mylo,Clingan,mclinganm8@twitpic.com,Male,206.89.130.81
802,See,Mularkey,smularkeym9@jugem.jp,Genderfluid,117.51.40.126
803,Shanta,Trudgian,strudgianma@wikipedia.org,Female,187.59.82.242
804,Eward,Fairfull,efairfullmb@bravesites.com,Male,78.177.236.94
805,Gaylor,Gaye,ggayemc@mysql.com,Male,124.55.63.132
806,Pearla,Tourne,ptournemd@bravesites.com,Female,106.207.140.10
807,Peggie,Sheber,psheberme@ask.com,Female,100.66.28.18
808,Claus,Rosiello,crosiellomf@creativecommons.org,Male,59.208.86.212
809,Jessamyn,Falkus,jfalkusmg@hubpages.com,Female,58.16.173.42
810,Arlin,Faughey,afaugheymh@jigsy.com,Male,247.175.230.129
811,Cassie,Pell,cpellmi@fda.gov,Female,150.182.201.9
812,Bethina,Playden,bplaydenmj@uiuc.edu,Female,142.251.177.53
813,Vale,Chellam,vchellammk@hatena.ne.jp,Female,206.240.106.43
814,Carlen,Garrad,cgarradml@networksolutions.com,Female,67.136.184.156
815,Tybi,Fiske,tfiskemm@cdc.gov,Female,136.196.142.109
816,Elyssa,MacArd,emacardmn@behance.net,Female,156.219.41.121
817,Stacy,Strathearn,sstrathearnmo@yellowpages.com,Female,53.177.52.3
818,Wald,Tomlins,wtomlinsmp@prlog.org,Male,27.61.103.135
819,Chicky,Braganca,cbragancamq@newyorker.com,Male,151.70.193.129
820,Barbabas,Panchin,bpanchinmr@cocolog-nifty.com,Male,231.159.79.41
821,Izabel,Wolseley,iwolseleyms@fc2.com,Female,190.188.249.76
822,Eada,Reaveley,ereaveleymt@about.com,Female,9.52.123.228
823,Burtie,Leaton,bleatonmu@reverbnation.com,Bigender,118.144.184.127
824,Griz,Jumeau,gjumeaumv@baidu.com,Male,197.236.96.81
825,Chico,Morforth,cmorforthmw@creativecommons.org,Male,210.110.105.36
826,Corrie,Erwin,cerwinmx@narod.ru,Male,232.123.116.22
827,Jeanette,Farmar,jfarmarmy@earthlink.net,Female,19.91.16.43
828,Tamma,Shilladay,tshilladaymz@kickstarter.com,Female,124.65.23.24
829,Dimitry,Fassbindler,dfassbindlern0@unicef.org,Male,35.185.54.10
830,Erroll,O'Shea,eoshean1@illinois.edu,Male,144.192.60.75
831,Crista,Brecher,cbrechern2@sakura.ne.jp,Female,249.152.22.106
832,Conroy,Simkin,csimkinn3@issuu.com,Male,71.29.112.233
833,Zonda,Tipens,ztipensn4@printfriendly.com,Female,218.93.127.163
834,Isa,Parken,iparkenn5@hugedomains.com,Male,243.85.230.202
835,Yorgo,Deeming,ydeemingn6@arizona.edu,Male,98.144.98.91
836,Christye,Sandyfirth,csandyfirthn7@jiathis.com,Polygender,42.98.77.236
837,Kent,Chenery,kcheneryn8@phoca.cz,Male,57.87.222.180
838,Hurleigh,Darville,hdarvillen9@360.cn,Male,137.94.79.239
839,Rainer,Middle,rmiddlena@baidu.com,Male,172.92.149.61
840,Payton,Aitkenhead,paitkenheadnb@go.com,Male,97.180.150.59
841,Avie,Birdwistle,abirdwistlenc@histats.com,Female,59.119.69.160
842,Wally,Riccelli,wriccellind@rambler.ru,Male,145.24.59.17
843,Yalonda,Aldgate,yaldgatene@dropbox.com,Female,11.116.101.129
844,Ware,Eberts,webertsnf@aboutads.info,Male,30.163.175.0
845,Di,Dyball,ddyballng@time.com,Female,159.157.18.102
846,Elene,Cuffe,ecuffenh@earthlink.net,Female,68.19.23.254
847,Myrtie,Pryor,mpryorni@moonfruit.com,Female,113.76.167.193
848,Thatch,Crocombe,tcrocombenj@cnbc.com,Male,104.184.243.207
849,Reuben,Greenrod,rgreenrodnk@hud.gov,Male,23.251.241.169
850,Persis,Becraft,pbecraftnl@4shared.com,Female,81.115.76.232
851,Jordana,Leggatt,jleggattnm@reuters.com,Female,11.24.179.172
852,Trenna,Halpine,thalpinenn@prnewswire.com,Female,110.4.216.254
853,Karlotte,Dolbey,kdolbeyno@over-blog.com,Female,142.47.163.16
854,Rinaldo,Foulks,rfoulksnp@weebly.com,Male,239.197.23.118
855,Ranice,Crockatt,rcrockattnq@51.la,Female,13.78.80.175
856,Rob,Badman,rbadmannr@psu.edu,Male,134.231.222.112
857,Newton,Hercules,nherculesns@unicef.org,Male,54.252.59.127
858,Fonz,Clissold,fclissoldnt@google.com,Male,221.162.62.234
859,Levey,Gouch,lgouchnu@independent.co.uk,Male,21.76.253.3
860,Janette,Sharphurst,jsharphurstnv@ezinearticles.com,Female,183.11.118.197
861,Jessika,Bleesing,jbleesingnw@japanpost.jp,Female,3.144.48.225
862,Shelbi,Brunsden,sbrunsdennx@ask.com,Female,146.182.14.130
863,Adria,Millar,amillarny@hud.gov,Female,229.76.204.238
864,Elysee,Kelbie,ekelbienz@bbb.org,Female,246.9.41.205
865,Pamelina,Stuke,pstukeo0@yale.edu,Female,214.34.173.179
866,Fulvia,Reboulet,frebouleto1@yale.edu,Female,80.70.147.44
867,Guillermo,Ellcome,gellcomeo2@pagesperso-orange.fr,Male,93.103.151.112
868,Mona,Atherley,matherleyo3@storify.com,Female,24.71.5.155
869,Fonsie,Whiffen,fwhiffeno4@symantec.com,Male,62.246.135.94
870,Rori,Tunnadine,rtunnadineo5@sciencedirect.com,Female,195.138.19.191
871,Daphne,Swateridge,dswateridgeo6@buzzfeed.com,Female,36.76.148.250
872,Garrek,Upcott,gupcotto7@microsoft.com,Male,120.248.89.2
873,Candace,Grigsby,cgrigsbyo8@miibeian.gov.cn,Female,127.200.211.133
874,Sargent,Labet,slabeto9@joomla.org,Male,142.1.190.210
875,Alexandra,Antonsen,aantonsenoa@sakura.ne.jp,Female,168.66.128.174
876,Alica,Howsan,ahowsanob@feedburner.com,Female,109.31.79.139
877,Correy,Poetz,cpoetzoc@purevolume.com,Male,176.116.161.83
878,Cammi,Negro,cnegrood@comsenz.com,Non-binary,145.52.62.138
879,Deva,O'Leary,dolearyoe@usatoday.com,Female,241.80.91.5
880,Angel,McColley,amccolleyof@clickbank.net,Male,154.41.233.115
881,Chas,Bustin,cbustinog@hhs.gov,Male,184.27.254.82
882,Ivor,Pierri,ipierrioh@unesco.org,Male,108.132.49.76
883,Orv,Leisk,oleiskoi@cdbaby.com,Male,168.201.19.67
884,Cassondra,Eidler,ceidleroj@hc360.com,Female,152.101.48.91
885,Niel,Challiner,nchallinerok@virginia.edu,Male,23.18.243.99
886,Chrisse,Wisdish,cwisdishol@nytimes.com,Male,62.207.226.112
887,Zondra,Seefus,zseefusom@flickr.com,Female,102.131.89.203
888,Link,Yarnall,lyarnallon@kickstarter.com,Genderfluid,103.211.239.68
889,Sampson,Sapsford,ssapsfordoo@webeden.co.uk,Male,173.87.226.180
890,Yorke,Mashro,ymashroop@bandcamp.com,Male,120.6.43.139
891,Nara,Wadforth,nwadforthoq@drupal.org,Female,159.118.149.231
892,Lynde,Willment,lwillmentor@youtube.com,Female,72.96.135.226
893,Garland,Gillfillan,ggillfillanos@berkeley.edu,Female,57.129.142.237
894,Vaughn,Gowdridge,vgowdridgeot@chronoengine.com,Male,66.163.104.152
895,Thornton,Marconi,tmarconiou@ted.com,Male,184.90.1.16
896,Athena,Gidney,agidneyov@tripadvisor.com,Female,168.57.238.92
897,Annetta,Perrat,aperratow@quantcast.com,Female,39.244.35.125
898,Susanetta,Taynton,stayntonox@answers.com,Genderfluid,94.225.101.68
899,Wadsworth,Leyshon,wleyshonoy@va.gov,Male,148.253.76.175
900,Neil,Cunradi,ncunradioz@cdc.gov,Male,55.175.247.66
901,Matilde,Barnham,mbarnhamp0@time.com,Female,141.183.56.145
902,Ricky,Wilks,rwilksp1@baidu.com,Female,224.111.63.172
903,Annalee,Eagell,aeagellp2@netvibes.com,Female,145.48.23.97
904,Latrina,Howood,lhowoodp3@cbc.ca,Female,219.147.69.246
905,Clarence,Whittam,cwhittamp4@opensource.org,Male,208.150.104.167
906,Tabitha,Adanez,tadanezp5@goodreads.com,Female,131.185.220.59
907,Harman,Reame,hreamep6@imageshack.us,Male,107.5.242.14
908,Ivan,Shrimpling,ishrimplingp7@nytimes.com,Male,74.218.103.98
909,Shayla,Rawle,srawlep8@meetup.com,Female,215.209.152.178
910,Xenia,Doolan,xdoolanp9@printfriendly.com,Female,179.120.106.1
911,Meredith,Grunwald,mgrunwaldpa@blogspot.com,Female,126.138.246.32
912,Lacee,Pawsey,lpawseypb@google.ca,Genderqueer,20.221.13.104
913,Dalt,Mendoza,dmendozapc@slate.com,Male,51.162.212.66
914,Trixy,Blackesland,tblackeslandpd@sbwire.com,Female,119.1.215.182
915,Urban,Murtimer,umurtimerpe@gmpg.org,Male,236.78.8.114
916,Margarette,Altham,malthampf@symantec.com,Female,108.131.90.36
917,Chelsy,Dollar,cdollarpg@lulu.com,Female,96.225.77.198
918,Almire,Enderson,aendersonph@examiner.com,Female,90.9.108.129
919,Johnna,Durrett,jdurrettpi@ehow.com,Female,70.42.50.52
920,Clea,Polycote,cpolycotepj@cbc.ca,Female,81.83.11.5
921,Andrea,Gaitskill,agaitskillpk@networkadvertising.org,Male,59.23.252.132
922,Kurtis,Wimpeney,kwimpeneypl@foxnews.com,Male,31.2.187.82
923,Royal,Brace,rbracepm@ox.ac.uk,Male,22.93.95.242
924,Dacey,Baughan,dbaughanpn@people.com.cn,Female,42.187.184.220
925,Fred,Sayre,fsayrepo@blogger.com,Female,165.236.165.190
926,Elfrieda,Hachard,ehachardpp@webeden.co.uk,Female,216.22.2.74
927,Farris,Dolder,fdolderpq@bing.com,Male,49.116.71.10
928,Melba,Carling,mcarlingpr@umn.edu,Female,220.140.65.162
929,Wynn,Rawlins,wrawlinsps@163.com,Polygender,101.20.161.219
930,Orsa,Dreghorn,odreghornpt@google.com.au,Female,218.222.140.110
931,Basile,Hanaby,bhanabypu@fema.gov,Genderfluid,3.45.95.72
932,Elspeth,Hargreave,ehargreavepv@youku.com,Female,222.2.159.202
933,Eddy,Lampkin,elampkinpw@ihg.com,Male,88.200.120.84
934,Arni,Harlick,aharlickpx@narod.ru,Male,177.62.196.107
935,Bing,Gatus,bgatuspy@businessweek.com,Male,171.148.239.153
936,Rab,Derycot,rderycotpz@geocities.com,Male,3.111.197.157
937,Ignace,Kirsopp,ikirsoppq0@oracle.com,Male,193.194.126.28
938,Matthaeus,Ives,mivesq1@berkeley.edu,Male,97.4.15.155
939,Merilyn,Hurton,mhurtonq2@about.me,Female,10.110.173.229
940,Lazarus,Kave,lkaveq3@sun.com,Male,243.19.101.150
941,Tildie,Hehir,thehirq4@abc.net.au,Female,166.0.202.45
942,Orson,Batchley,obatchleyq5@amazon.com,Male,38.11.115.117
943,Geraldine,Marguerite,gmargueriteq6@sina.com.cn,Female,119.159.214.119
944,Starla,Dixsee,sdixseeq7@si.edu,Female,118.49.196.58
945,Bibbye,Staddart,bstaddartq8@dyndns.org,Female,155.167.78.212
946,Carmine,D'Ruel,cdruelq9@godaddy.com,Female,188.233.66.21
947,Aarika,Inold,ainoldqa@mozilla.org,Female,199.73.156.110
948,Deb,Glanton,dglantonqb@de.vu,Female,228.71.114.110
949,Emili,Stillwell,estillwellqc@scientificamerican.com,Female,4.18.218.7
950,Lowe,Le Provost,lleprovostqd@dagondesign.com,Male,188.255.66.231
951,Yoshi,Kilcullen,ykilcullenqe@fc2.com,Female,179.63.109.61
952,Rivkah,Henrique,rhenriqueqf@goo.gl,Female,118.43.146.31
953,Delphine,Uwins,duwinsqg@weather.com,Female,34.142.209.231
954,Audre,Alsford,aalsfordqh@oracle.com,Agender,36.117.37.22
955,Vittoria,Gabbot,vgabbotqi@reverbnation.com,Female,110.128.70.59
956,Felipe,Ambrosoli,fambrosoliqj@hao123.com,Male,131.248.103.153
957,Wernher,Woollard,wwoollardqk@independent.co.uk,Male,220.219.7.225
958,Gunter,Marcinkus,gmarcinkusql@bing.com,Male,127.141.143.226
959,Hazlett,Dighton,hdightonqm@hp.com,Agender,151.196.235.236
960,Natalie,Lempertz,nlempertzqn@chron.com,Non-binary,26.143.36.136
961,Maurise,Jessop,mjessopqo@i2i.jp,Female,212.105.182.35
962,Arda,Wolfinger,awolfingerqp@miibeian.gov.cn,Female,20.13.57.88
963,Katalin,Juanes,kjuanesqq@moonfruit.com,Female,32.60.89.51
964,Langston,Catterson,lcattersonqr@bizjournals.com,Male,126.39.202.56
965,Shantee,Duly,sdulyqs@weibo.com,Female,67.64.35.26
966,Augusta,Baudoux,abaudouxqt@reference.com,Female,17.15.141.50
967,Arda,Polotti,apolottiqu@state.gov,Female,121.235.190.125
968,Prescott,Kohrt,pkohrtqv@samsung.com,Male,176.31.191.50
969,Salvador,Pedrollo,spedrolloqw@google.nl,Male,69.57.145.15
970,Nickie,Peeter,npeeterqx@ucsd.edu,Female,131.187.160.56
971,Zacharia,Corah,zcorahqy@wikispaces.com,Male,143.24.164.149
972,Leoline,Clynmans,lclynmansqz@npr.org,Female,12.132.88.88
973,Janot,Betjes,jbetjesr0@bizjournals.com,Female,215.102.40.204
974,Karlis,Filtness,kfiltnessr1@accuweather.com,Male,240.21.11.78
975,Avie,Copnall,acopnallr2@naver.com,Female,253.14.189.209
976,Skippy,Kareman,skaremanr3@loc.gov,Male,137.61.181.84
977,Beverlie,Horsefield,bhorsefieldr4@cisco.com,Female,187.243.47.76
978,Celeste,Mellsop,cmellsopr5@house.gov,Female,168.214.32.252
979,Jarid,Whiteoak,jwhiteoakr6@nifty.com,Male,72.45.106.226
980,Dreddy,Jeandet,djeandetr7@indiatimes.com,Female,60.1.0.35
981,Sheridan,Deftie,sdeftier8@cornell.edu,Male,200.22.23.203
982,Vasilis,Peeke-Vout,vpeekevoutr9@mozilla.com,Male,12.44.88.230
983,Cyndie,Iacapucci,ciacapuccira@bluehost.com,Female,36.3.110.122
984,Pierre,Crumpe,pcrumperb@msn.com,Male,240.167.218.52
985,James,Bollis,jbollisrc@histats.com,Male,168.178.3.166
986,Amie,Ashling,aashlingrd@fc2.com,Female,24.228.146.210
987,Kyle,Corteis,kcorteisre@springer.com,Female,233.217.117.111
988,Eliza,Laneham,elanehamrf@myspace.com,Female,110.172.32.66
989,Kacy,Bellhouse,kbellhouserg@google.es,Female,10.131.190.253
990,Kasper,McCloughlin,kmccloughlinrh@umn.edu,Male,70.244.124.54
991,Lorenzo,Moyers,lmoyersri@freewebs.com,Polygender,172.53.150.87
992,Marybelle,Santarelli,msantarellirj@cbc.ca,Female,209.40.205.218
993,Constantina,Tellesson,ctellessonrk@squarespace.com,Female,110.21.116.95
994,Claudelle,Gabbitas,cgabbitasrl@weibo.com,Female,253.92.70.108
995,Cinderella,Simpole,csimpolerm@blogtalkradio.com,Female,28.110.233.33
996,Sullivan,Hindsberg,shindsbergrn@hubpages.com,Male,255.210.114.88
997,Leta,Endersby,lendersbyro@printfriendly.com,Female,177.218.163.216
998,Sydel,McLachlan,smclachlanrp@dell.com,Female,189.134.151.39
999,Gabriello,Fairhurst,gfairhurstrq@mapy.cz,Male,246.118.48.243
1000,Dominic,Hollow,dhollowrr@surveymonkey.com,Male,86.132.109.181
